,PM25,PM25_clean,PM25_clean_outliers,PM10,PM10_clean,PM10_clean_outliers,NO,NO_clean,NO_clean_outliers,NO2,NO2_clean,NO2_clean_outliers,NOx,NOx_clean,NOx_clean_outliers,Ozone,Ozone_clean,Ozone_clean_outliers,NO_std,NO2_std,NOx_std,station_name,station_id,year
0,43.223483356031664,43.107718393653656,42.24256389322713,,,,7.613395877622691,7.6783892508671325,7.311979859925432,15.427119377953913,15.618049684834938,15.316993221316784,21.689814814814877,22.287531201118234,21.770762415148283,24.259477418966924,24.25321179091901,24.26037937996629,8.700658600877478,25.2475197437099,21.2320912531024,"Alandur Bus Depot, Chennai - CPCB",1,2019
1,73.96025391878177,73.80924152062792,73.57710375493927,133.4823829239986,133.30696899176067,132.257676949153,16.800178544131747,16.800651216827845,15.144193462839176,39.98594769855454,40.01076684881599,39.75926782211645,33.0353758775497,33.030046409305875,31.65114026333584,28.336548777816137,28.338705628247777,28.751488486565027,15.488790775781696,40.829175551346644,31.222531055336944,"Arya Nagar, Bahadurgarh - HSPCB",25,2019
2,71.29408966327304,71.65202481780551,72.26814874264285,119.70914294015142,120.20015756614845,121.23061745540076,15.867381620993493,15.885824111822927,15.670134397312031,37.1058663573086,37.125048309178766,37.088209249580984,51.95776694521808,51.99028534250385,51.75610372994769,34.73083003580167,34.73250872065607,35.092286404347384,19.219484544309022,68.53011136699162,50.67599851992812,"Ballygunge, Kolkata - WBPCB",50,2019
3,30.96647635738606,30.965469408393787,30.57228058321485,96.68777357942223,96.65434079511655,95.21298090591277,35.00553849029553,35.237108429889226,34.79567377123518,25.78998720669002,26.67147164563828,26.479534462785992,60.610293228631065,62.3406710861805,61.64816863332453,27.533962714069073,27.758036416842973,28.25191661014552,42.70560210317051,49.61952476380107,61.53005257169735,"Bandra, Mumbai - MPCB",2,2019
4,54.06691005439873,54.168984864915714,54.23691412377889,111.08870845742936,111.198997532973,111.37467967993462,16.074049282110934,16.17541705396013,15.380942688805572,36.483092283288116,36.479711565387724,36.15770641292482,51.57267245402781,51.57232729648991,50.33237689818268,28.85534326156121,28.825201365502654,29.059508124076814,18.842903923352708,66.04926572769976,49.321994201572764,"Belur Math, Howrah - WBPCB",nothing,2019
5,44.40067133457743,44.44261882933799,43.82234761088971,,,,8.48414589403259,8.487696683829622,8.009988842720825,24.664133122484124,24.689492471723877,24.482306399877782,32.69027369324886,32.69795523724257,32.240062995711725,25.897917557555676,25.896159203980215,25.92813350854148,9.711921589291885,44.87950142737203,31.483443793445822,"BWSSB Kadabesanahalli, Bengaluru - CPCB",nothing,2019
6,38.48530268695371,38.499365147916215,38.248649142453004,96.21409214092137,96.32272950077251,95.83955195369023,50.93707254913053,50.939906520876875,50.322308850996954,35.182445773669194,35.18812473560154,34.84928915121578,82.5028008287134,82.49817906598601,81.74452801136988,13.549723093861804,13.549859054120997,13.55554196318294,60.9580655141312,65.47357033996163,81.03885095493659,"Chhatrapati Shivaji Intl. Airport (T2), Mumbai - MPCB",5,2019
7,58.81991289375063,58.83262411347518,58.760468456524144,127.10655737704919,127.1356,126.528535158406,32.16516211061666,32.189304301646324,31.180644036270632,55.55205580805419,55.609274193548444,55.51067332803451,55.90558311345672,55.980553200508936,55.24437063337567,34.71502784810116,33.30539906103284,32.9696914189094,31.233580079033008,55.50595436485412,55.32729875186109,"Chhoti Gwaltoli, Indore - MPPCB",26,2019
8,48.08358446809781,48.076196651102016,47.73202668236213,99.41815896091563,99.37533275687329,98.82590434611397,9.440185971896257,9.587283693455602,8.78874893384736,25.099397343318184,25.08616679054557,24.571935431799915,34.43008178504759,34.43008178504759,33.575609882124795,41.506341248124286,41.51179247226391,41.64646029696603,10.77763509364453,45.81034717711991,32.71831270405031,"Civil Lines,  Ajmer - RSPCB",nothing,2019
9,34.922631251941574,34.892189414166765,34.646459298108546,91.76414861161429,91.84309658943025,91.37470987654365,7.063871653870117,7.047310412982443,6.732235676645373,21.80476343592103,21.81856207813462,21.551149425287395,28.896537296575904,28.90572458543629,28.396291938043923,18.907325307510952,20.089208487706063,20.17789660056635,8.184489432671837,39.67832150788059,27.533899544957197,"Deshpande Nagar, Hubballi - KSPCB",6,2019
10,97.94368545768364,97.78724089471835,97.57317346123102,193.81862085113855,193.74442297558406,192.5852332683145,20.68719687251831,20.6849908368966,19.946078496480247,43.307828413340566,43.29693365375874,43.03515662884325,39.81147800176371,39.78918910695286,39.19010724731875,19.63428884026232,19.636295114780506,19.44823556673699,19.945252008765493,43.03608338989651,39.186576766856156,"Dr. Karni Singh Shooting Range, Delhi - DPCC",7,2019
11,109.52083742987682,109.48884004742763,108.76653901251075,290.9833263246426,290.9541709237334,288.29834246846724,32.40986021797553,32.3890214076513,31.807705610429384,42.47086280056566,42.453905238109485,42.170894538909124,49.091541913913126,49.068422003976686,48.604840434148876,39.14677444093387,39.15931017552484,39.874100934827936,31.806025739084205,42.17873646325402,48.68449150414686,"Dwarka-Sector 8, Delhi - DPCC ",nothing,2019
12,56.418615400452914,56.410450028319815,55.97570572057213,102.54698131709321,102.60126711090437,102.55044540949872,25.69836609336607,25.699746467861708,24.658506370785805,32.26306051691534,32.2644644076701,31.99224169587723,54.452126678069845,54.454422040223996,53.14573439070713,27.58985218903436,27.589396930946283,27.67005844758833,30.118113876035174,58.408231055487896,52.21991837692199,"Fort William, Kolkata - WBPCB",nothing,2019
13,47.89326341764311,48.40269139700048,48.03359236947741,102.11999201915306,102.1940356421081,101.60462402902067,14.230882310101268,13.811945134161052,13.575949367088626,15.54924026728643,15.850208836857997,14.983011878397415,26.81056627775953,27.628964833867368,27.395380595014714,19.857424606845527,20.693859566631403,20.715442540743837,15.971205404249963,24.74568727623801,27.051208586256426,"GIDC, Ankleshwar - GPCB",28,2019
14,64.84423859176232,64.84149865165058,64.05965222492291,121.07634596804105,121.08535553655669,118.86386331332871,14.219692023026422,14.172179318294202,13.613816486451054,16.51126361904748,16.519986651410996,12.378972003309057,20.49156173980719,21.200596358016238,20.60887842801599,9.90737686007617,9.900399306892606,9.357824015117302,15.675860639461234,19.221400690071583,21.738635384278066,"GM Office, Brajrajnagar - OSPCB",29,2019
15,51.58937879939184,51.57139336733055,51.502065169379115,97.39212535358962,97.34011711166946,96.95805434968358,16.146121114511303,16.63223710970235,15.879075419477742,14.966956326268997,15.936547377509402,15.112364035292705,27.952744445136073,28.464185115835182,28.48041585713714,20.807599408055324,20.70544280024587,20.682665560624667,18.915477052967777,25.996722581246786,27.996251412797207,"Golden Temple, Amritsar - PPCB",nothing,2019
16,48.55270201837517,48.19477434679335,47.40769108659418,115.80632439932812,115.59391201303511,113.92761819513386,13.959441376380557,13.955354930076048,13.310679686298565,38.06499168994658,38.01603396426673,37.53444613627716,31.52950125304449,31.51447786485926,30.90083355536111,34.13626849512804,34.13885079044243,34.207417880384256,13.314759638669932,37.53915194884292,30.898770741361034,"GVM Corporation, Visakhapatnam - APPCB",10,2019
17,40.26608045356362,40.30411293812192,40.41219791788485,77.23135982123375,77.31936322429118,77.91131392003692,29.232106540141213,29.288585787624925,29.315484780820256,22.666195213767132,22.66814543889844,22.46355597527472,50.60204841411353,50.62276708477504,50.19822902259107,16.050131344251653,16.04232944102064,15.905791362741663,35.61882529518897,40.30454882975682,49.81734014665207,"Jadavpur, Kolkata - WBPCB",45,2019
18,39.988255974900774,39.9618806760459,39.81327167246811,96.58574766209908,96.53163609228223,96.14476356680136,8.534505892743041,8.534988887392318,8.373533311945325,24.60891961101109,25.465138125763136,25.398915512242315,33.05260489616979,33.93391612243285,33.77015843895925,15.505206020005565,15.470804747430968,15.523468847172758,10.227759221917347,47.404583112542895,33.641363257751124,"Kalal Majra, Khanna - PPCB",30,2019
19,102.56937799043062,102.13104966378192,101.82685267636292,217.99343319715538,217.52309605410815,215.75312677183737,9.192340313743136,9.133347101231582,8.527868254739875,63.994480508445506,63.86396783207226,63.2239627961477,43.97639005684672,43.79804813915849,43.24990165367508,46.03561483365674,46.00062321996969,46.56482994896654,8.548376912490854,63.27903918997665,43.46843800904965,"Knowledge Park - III, Greater Noida - UPPCB",12,2019
20,104.51701282834453,104.45739773317447,103.89096011224694,200.52707316294948,200.4900909526089,199.22217979868103,26.86121409458715,26.778093456738347,26.511312883435682,53.594473716835516,53.59524798512031,53.48849228542235,49.594279489573715,49.47612033259639,49.19818641642535,16.951751930353097,16.978438638749545,16.95425967200032,26.511970832603083,53.498612976271964,49.121495668337296,"Mandir Marg, Delhi - DPCC",13,2019
21,62.360331339751134,62.348150636718465,62.17506558549979,117.54771752116825,117.82527861565383,117.16562467866396,25.283688524590247,25.286235466475567,24.048005525992707,90.80428782450213,90.79740544962586,89.98492077405498,61.984484702093745,62.027961378712156,61.26313238573992,45.835071257739955,46.342307435589426,46.75829538571182,23.426375688778275,91.21197298099044,61.78965975739862,"Maninagar, Ahmedabad - GPCB",nothing,2019
22,34.048487438221244,34.024196244325694,33.815961689125636,74.46062435143502,74.03923393939336,73.14945467475057,9.449388198072288,9.451227242573928,8.966287269285413,10.765084637375887,9.948587511199454,10.499996522948603,15.453282740374647,14.4971298052061,14.089758615878427,50.89523785218488,54.080578371382266,54.24121552477288,10.162106289258814,14.05604077686663,15.2711412301583,"MIDC Khutala, Chandrapur - MPCB",33,2019
23,42.29493852386829,42.339016735649,41.84365736434132,76.61650612619702,76.1250441125095,75.69003372681432,8.311608036046394,8.89835372418512,8.0684177978094,13.905272455834531,13.591363581851041,13.443379563274746,7.356431667052675,7.837030119592608,7.12981401946506,43.465231187971234,42.38676772920835,42.57757054395827,8.300742996282127,13.49330885174493,9.47034920650569,"More Chowk Waluj, Aurangabad - MPCB",34,2019
24,109.51893274853808,109.8099852941177,109.9988853503185,198.78151603498563,199.13893118594456,198.70711419753113,19.06251094890508,19.095622254758386,18.444446227929344,33.36236574746006,33.31379912663753,32.97905718701698,52.3915261627906,52.375758017492615,51.72114551083579,5.435072886297376,5.406573938506587,5.330408163265308,22.68666886035313,61.812190123456716,50.81558139534876,"Muradpur, Patna - BSPCB",nothing,2019
25,113.74603990610579,113.63245974377304,113.22634459459599,,,,16.46855159318812,16.638668893704047,15.810832367645519,27.583424669760728,27.710420145353993,27.359161161419276,27.399710814309177,27.41718383350032,26.673900354055608,32.047267108167894,32.049680609932125,32.09415521652607,15.786549461515591,27.3762676805104,26.660040777317533,"NSIT Dwarka, Delhi - CPCB",17,2019
26,28.48459841490318,28.46334682529948,27.862801198086636,53.34561213434453,53.105646951069154,52.31625852448853,2.394468114348521,2.3989503221783255,1.4753609866329436,6.870786266586056,6.870596658711216,6.34903180706047,6.018515239661097,6.018774309837813,4.416386012620702,40.15542203238541,40.15998214627288,39.328454970308,1.6833427976528321,6.625311716415339,5.397387214172925,"Plammoodu, Thiruvananthapuram - Kerala PCB",36,2019
27,107.50551525687908,107.3240915773997,107.18137190731771,209.0845509622238,208.87428690278108,207.8901123813842,24.46108911204725,24.460777105187958,24.303396975820345,59.42621619933808,59.420886570241535,59.316098773616254,51.255377217087045,51.23571785736595,51.01532214944524,24.259864289753157,24.275837926411317,24.354584065144493,24.303396975820345,59.314642951775376,51.00532415912353,"Punjabi Bagh, Delhi - DPCC",37,2019
28,52.91956276099224,52.91704133913516,52.58910506280906,104.04293559085332,104.04003665689126,102.36403276814606,17.812620673175495,17.813302949610915,17.703199340651175,13.017490784982833,13.017433866948734,12.687610900106884,43.161576378221646,43.16336439983624,42.766970608999074,24.397700352003973,28.83310211188477,30.423632001010173,21.718981677530476,17.213600073740878,27.225065633771138,"Railway Colony, Guwahati - PCBA",nothing,2019
29,96.9608672434771,98.07425083393515,97.67757426112982,,,,6.629134244654643,6.622290700242949,5.990772659732557,85.04530481877532,85.01564361258016,85.17010474293721,33.30086147484497,33.27687137330759,32.75183805192905,48.942565949942086,48.92187288835525,49.08183509361533,6.029056928370347,85.15297347089168,53.62511583223542,"Sector- 16A, Faridabad - HSPCB",nothing,2019
30,116.45467208357516,116.5035131525463,116.47091185025927,201.87927461139896,201.91390728476821,202.0137640625982,23.769782675237295,23.77368968895427,23.42272483581296,57.741619369641235,57.747641480944495,57.48590368492871,50.369682299546135,50.37832324455205,49.95121727748687,40.83882114618059,40.84244476402154,40.79032542325843,23.42272483581296,57.520057157703164,50.028489208633054,"Sector-1, Noida - UPPCB",38,2019
31,35.44721292217283,35.36055615410294,35.29606246270098,85.45897568869516,85.28942998622207,84.71979500962662,10.403382534299338,12.37996647976587,11.971270623808515,17.403933851840428,19.399375784190703,19.260033469068986,27.766069902613506,31.049006558434538,30.68581903994468,30.08782253971954,30.380198210704833,31.27956736922941,14.474644564860403,34.02991476214376,30.0387107866797,"Sector-10, Gandhinagar - GPCB",39,2019
32,108.60622496339907,108.37781852198319,107.84941403054269,279.9325935262992,279.7486446167739,277.17375268487245,32.191497504678566,32.260084238874995,32.13364590163932,54.280032319214655,54.22755686078509,53.87948011826086,55.241276085173446,55.622633808003826,55.290407498766456,44.517121874999866,44.623157000880475,44.83922085029242,32.4449157204939,57.15216094258239,55.25720093797461,"Sirifort, Delhi - CPCB",41,2019
33,67.64987888574889,67.67114297253634,67.17082554688359,143.83064273538554,143.8884430176565,142.1748120300752,10.897565374211045,10.90083400321548,9.73564804592627,44.73847926267253,44.77222166449123,44.4995905172411,32.65826322115377,32.678671083007046,31.995488477767008,57.17288742908302,57.152476826472345,57.61369325413637,9.73564804592627,44.4995905172411,31.995488477767008,"T T Nagar, Bhopal - MPPCB",20,2019
34,55.99569739340578,55.97387566423292,55.03221543510963,193.82338904363843,193.84887875332447,190.62040765017522,27.67568579642639,27.230685988232764,27.549916059870604,11.590189297892753,10.392982236445365,10.185847535078679,33.020570019923554,33.69064673126663,34.39997757145834,7.754369635986934,7.64220344749372,7.508794688457548,31.915688879507425,17.346910338937985,33.80835679391354,"Talcher Coalfields,Talcher - OSPCB",21,2019
35,123.57211689884994,123.56654552062587,123.0944446251433,,,,13.301602179836491,14.420901426718585,13.93473400343227,29.444907643790525,30.22946254224569,29.625700789763172,25.862397904191575,26.902909668828613,26.40672678752172,,,,13.943716243157178,29.73574822507377,26.977648846683405,"Talkatora District Industries Center, Lucknow - CPCB",22,2019
36,42.137636904761926,42.270067092651765,41.878223660553765,42.665617468830554,42.41609654392534,41.56847007874019,20.56413884906828,20.69008237004231,19.980984412832946,16.10592748506232,16.11020870643324,15.765083487940498,36.165816270816386,36.34439897343421,35.438962590144385,7.70458391027412,9.534755151783749,24.282045028142637,24.464832103153654,28.891234151769062,35.05170156010017,"Tamaka Ind. Area, Kolar - KSPCB",23,2019
37,10.288173868016827,10.461499645054436,9.471194793706955,29.022450439944773,29.02149663112091,28.646674705552233,4.663164352935064,4.058694236691602,4.040947251114423,7.950425421260641,8.729430022573327,8.671469412235117,11.911338853304168,10.986643281807428,10.943849440744057,15.084367682067722,15.086827842720528,15.067249063551538,4.174240588453696,12.779820179820163,9.35414841305321,"Udyogamandal, Eloor - Kerala PCB",42,2019
38,60.699924601140395,60.59319210574003,60.580893340203865,106.85220981801476,106.94356746765222,106.97437828947426,31.19504379785598,31.18338203761557,30.406901501839986,49.54203128746101,49.49841693400891,49.248283118125386,69.11066084788033,69.07266633410241,68.66489513269939,31.386215298286928,31.40960008276174,31.709874457090226,36.310862098855345,86.2713403678475,65.88547011571569,"Victoria, Kolkata - WBPCB",47,2019
39,51.67258404558336,51.58993980674732,51.48008613965487,103.70786355418714,103.59347140227155,102.24972995981707,14.780330676778751,14.780330676778751,13.886743741971298,28.67254886177039,28.668177953820987,28.229456715599014,43.24940430351087,43.24397016470904,42.19254929821552,29.117845063417224,29.147716020551314,29.431096325520954,16.975545074181863,51.95604111278637,40.961018873434995,"Ward-32 Bapupara, Siliguri - WBPCB",24,2019
40,,,,135.16945945945943,58.709259259259255,58.709259259259255,5.62486018852407,5.64757965469569,5.137561788869402,11.812506210586637,11.605477986960631,11.105301700493719,16.23864195593512,16.258982838307546,15.392187259874172,21.599431609346095,21.600020684220702,21.206235247121803,5.872433725840236,17.45621036143632,15.195299975345351,"Alandur Bus Depot, Chennai - CPCB    Chennai, Tamil Nadu",1,2020
41,76.49859191655813,77.5263439252339,77.08452650387146,127.70504653567785,127.67933544958994,126.76428226196265,15.530591473286686,15.531123385268733,13.62216128777725,37.91708413765552,37.89218928999595,37.747552156258564,22.924991292699506,22.91534653133713,21.37118017985757,29.436943868334776,29.429731628965328,29.736139764062813,13.684168152953092,38.17372550878152,21.45758480078107,"Arya Nagar, Bahadurgarh - HSPCB",25,2020
42,51.20597410053517,52.38318757983626,52.41415623346784,99.12538286191324,99.00382895202588,98.28197951982312,15.211427460598106,19.875320802457995,19.798178841825223,21.738994396933332,21.72307261086388,21.71084072187658,36.32828157716253,36.66308698769287,36.55154826377848,36.868571302661756,36.967325732131314,37.20640804417391,23.94942911936174,38.752543689320184,35.59886001075462,"Ballygunge, Kolkata -WBPCB",nothing,2020
43,22.79649203055748,22.782202718006886,22.4970893701768,59.78590115817854,59.469614281160275,58.58982361380721,6.438244751581514,13.33883268482491,13.180712150518739,9.60359416805636,30.54829471101426,30.449125053964657,15.540890339121296,38.56557062146886,38.6305680757433,16.1680175280724,28.439489709613706,34.749598630397585,15.771444549929669,55.967319173363926,37.85887539296914,"Bandra, Mumbai - MPCB",2,2020
44,43.115862764248426,43.098657633527935,43.126299127740864,94.10226761561434,95.32694607010237,95.28287983379138,14.718336926970931,15.460659568076284,14.987676017500558,31.330564360743196,31.314484584241498,31.18896471757482,45.60239624505937,45.62500618505697,44.8412041797977,32.96151538123929,32.98398929370407,32.92978776315208,18.353163071834732,58.06656241517405,45.852655413750746,"Belur Math, Howrah - WBPCB    Howrah, West Bengal",3,2020
45,32.470263187532794,34.95348806702747,34.54520371301815,99.53403348554,99.5575944487275,99.58116063919226,4.465254029001694,4.518540258806582,4.293069521563824,18.293475309059154,21.6796759439467,21.46918925857433,20.985987514762904,24.11591002593694,23.82006755160855,14.435834791484428,14.394683937445231,14.138481077061602,4.86736134661441,35.60278492225934,23.06062592549816,"BWSSB Kadabesanahalli, Bengaluru - CPCB    Bengaluru, Karnataka",4,2020
46,39.08419287133166,39.42581399757354,39.25265826966756,126.10550651300979,126.17202453182917,123.48642217864163,56.34827176780996,56.36106120398928,56.146193381747345,28.11125146062176,28.109105059883863,27.804489329579518,81.61747127667162,82.44368538739596,81.71375292283714,17.956255335004336,31.68541144527989,32.08101687322685,67.47171652037457,52.26759270412515,80.83158831300034,"Chhatrapati Shivaji Intl. Airport (T2), Mumbai - MPCB",5,2020
47,39.64630824797205,39.45880572208702,39.24277569003499,99.66302330377397,99.5660221402214,99.20499108734403,14.718097873492262,14.720608504619374,14.193748378728904,45.63334234477794,46.063744602489315,45.9304350786411,37.35400793173892,38.244903230024896,38.01415696451115,48.862329179459394,53.11536593135328,53.183376425210916,14.38412252775928,47.39656917211355,37.84513451646226,"Chhoti Gwaltoli, Indore - MPPCB",26,2020
48,39.70862785236943,39.649127565319844,39.323038516405475,84.38925444494178,84.32322026800611,83.70608879763857,7.2373322388672205,7.4440384130982435,6.772108139495133,20.976687481676816,20.97622302369212,20.64180006979464,28.17808439560426,28.190310418683662,27.52115704842998,46.52892809198666,46.53093543867885,46.59081925754809,8.166253514344216,37.18988730410487,26.573256688963173,Civil lines,nothing,2020
49,23.622841596130577,23.5199017443144,23.308399345717916,62.337438972365895,62.30074852857432,62.14259662020743,13.365830832708253,13.306085030166006,13.127326219358796,23.121223533820377,21.976885836415047,21.788281059683218,34.79514452225417,34.261992686517644,33.88710732196595,9.886853378974115,10.566922344240222,10.577413742432247,15.743598726595554,39.53550728167642,32.26221382231513,"Deshpande Nagar, Hubballi - KSPCB Hubbali Karnataka",6,2020
50,80.58535329259081,80.4046476295708,79.99478639210832,164.72824249489943,164.43241194308374,163.81628793948911,16.341869833157894,16.275788555792687,15.566098460344055,46.68512737225202,46.678566271584366,46.43233342947811,38.12328730029782,38.0656504860212,37.619054657626684,59.66027213012165,59.66027213012165,59.96434837300094,15.570510996118912,46.43194257514598,37.61892369477911,"Dr. Karni Singh Shooting Range, Delhi - DPCC Delhi",7,2020
51,101.51977485258205,101.46187526061834,100.92125548869735,218.97157090865701,218.83311949873192,216.4490290467302,39.97097822455746,39.93505148376526,39.22752248245885,44.839200407588194,44.839200407588194,44.49790037971839,56.99438729471203,56.943506122326085,56.3492402000322,42.14401958354018,42.431408314333304,43.15500657650696,39.22752248245885,44.50724901135329,56.33399774229956,"Dwarka-Sector 8, Delhi - DPCC",27,2020
52,48.513296366873575,48.281111006761506,47.732879394303055,95.00573234580507,95.04723164747757,94.75876164064637,17.902379445678374,19.087219512195254,18.819589747236034,34.6652361977185,34.816379642955454,34.81759046664303,50.8713999266416,51.2025327362572,50.728848705820845,28.748129468308985,28.9832190013661,29.240002927114695,22.805417534382958,63.08256235895174,50.141569498818455,"Fort William, Kolkata - WBPCB Kolkata West bengal",8,2020
53,51.31993250798742,51.41418997996009,51.08257592608438,108.60948081007294,108.84167128560455,108.23088370742195,15.468864934784975,16.277605605605586,15.940237366002988,17.864680130923173,14.60355992844368,14.540206715395195,33.209473438286075,32.70425379498553,32.54766362482623,32.0147145723144,29.032044257112684,28.93506380088302,18.763162536585476,25.924997340637912,32.21258612254111,"GIDC, Ankleshwar - GPCB",28,2020
54,61.155660298618564,61.11202834572527,60.333662822086055,117.06671648509888,117.03427352741977,115.30507279693416,12.872248551324496,13.464449429269132,13.254787923236837,11.740483747512334,12.730892889288832,10.755295266618914,18.06783104638434,21.371159795175004,21.13459236384064,31.79423008296902,31.76867431684225,31.841133191388575,15.349346003541559,17.4243270082473,21.894317587186656,"GM Office, Brajrajnagar - OSPCB",29,2020
55,46.91899357670876,46.92325519824403,46.75346693942693,100.65081269013483,100.94413794266454,100.49472465966191,18.526984489202103,18.660757314974333,18.298898780793106,15.705051709895903,15.516101489558807,15.149778692548814,30.937393542955434,31.081266423357903,31.202969247843303,25.305518187361187,25.973534723279226,26.09456785484244,21.551699846302185,25.75301704665556,31.6604177242699,"Golden Temple, Amritsar - PPCB Amritsar Punjab",9,2020
56,40.589708368554525,40.49297618626375,40.00771533855366,96.35200275055871,96.03718362670556,94.3478409220154,14.460325047801124,14.46158570220275,13.935394574844093,30.819560522437,30.843787206221734,30.57185675216229,27.24452764386082,27.250701142348905,26.745035434814667,34.280999479437796,34.28096973483271,34.17585055466928,13.951846217986867,30.58573874006503,26.710606951282198,"GVM Corporation, Visakhapatnam - APPCB, Visakhapatnam, Andhra Pradesh",10,2020
57,44.32735065872626,44.23830152327091,44.319739731336,87.57168168258647,87.44417734881603,87.66436466759096,25.47809473029379,30.340406966218755,30.70479592642283,25.877955489614315,26.104095009019954,25.98602439727221,50.30671557562069,51.87240280827626,51.72993976302362,21.559928544234765,21.582183449650593,21.588813888019565,37.31101081166396,46.8057255178154,52.700234843557794,"Jadavpur, Kolkata - WBPCB",45,2020
58,42.4922992384649,42.48522254749662,41.98642783604654,94.42460112258912,94.40373958488868,92.22362731751615,7.473875379035582,7.723690102704626,7.602902048054501,13.054117717145282,13.387856225930744,13.26542584129629,20.004343353254093,20.561436223301513,20.331654971580868,17.866332310597034,17.898354590301835,17.943227155213634,8.761826432401838,22.97339761805847,20.1893901632112,"Kalal Majra, Khanna - PPCB",30,2020
59,95.1835078371848,94.94699931732141,94.39960763090245,181.67581313192838,181.44068624458149,180.38513242375603,5.133742445029437,4.289780405405385,4.183367168688898,52.3830160575458,52.4564705453487,52.0078614023465,31.665522339619848,31.773805284006173,31.547906125943697,39.850494949494845,39.856158565360936,40.26738663228008,4.191271302459497,52.123345516758846,31.595217222653122,"Knowledge Park - III, Greater Noida - UPPCB Greater Noida Uttar Pradesh",12,2020
60,90.3210412856023,90.30160183066361,89.70799758617018,148.30623448372322,148.1769150052466,147.00693891479924,19.49993453569508,19.501574571167353,19.34455929599167,41.85519168039296,42.52552206494622,42.34213711818265,37.99029969220784,38.52575432102829,38.41527176191115,13.454602705394809,13.463026696687123,13.376682957048565,19.352709152495635,42.364675739687314,38.42018636791933,"Mandir Marg, Delhi - DPCC Delhi",13,2020
61,46.66358686975159,46.562584251666166,46.42765874922787,106.16599512013393,107.34398211228816,105.48983425623972,13.396215749272509,13.396854709145432,12.801314096250998,43.73101379833196,43.74073471864087,43.20932306892721,31.19334814277483,31.195896986367345,30.967175820291025,41.17319896675953,42.42361959822868,42.72710513286034,12.674232520618654,43.260055860478474,30.96098107873675,"Maninagar, Ahmedabad - GPCB Ahmedabad",14,2020
62,32.46043157744104,32.435761017556885,31.924863856626903,65.08791495379369,65.04186656572985,64.23368508678746,5.716405554448178,5.714387090340989,5.228554878692895,15.608925868394094,15.6335701256923,15.277634826891113,13.739640382712018,13.37292833864294,12.774763827368593,34.12724642289343,34.071378456750786,34.223618879144844,5.6623008414900005,16.28620051599221,13.405047503169888,"MIDC Khutala, Chandrapur - MPCB",33,2020
63,30.596090391909218,32.06601892647807,31.98097096188751,63.479621064095475,63.4476207019709,62.986676090750606,12.44209209083853,12.714395242097547,11.703940772151105,19.648077590669708,16.498925072046088,16.534888169151763,11.814000179931648,11.935432473940475,11.02133643917534,37.49570134793586,32.217903596403545,32.45996511003754,11.744886602838598,16.541212490147302,16.1845880904779,"More Chowk Waluj, Aurangabad - MPCB",34,2020
64,55.33482967473098,55.09872326009034,54.822931123948685,123.80576727754374,123.47944298259404,122.31812625080542,21.71752741548245,21.975209840810415,20.10977292544687,38.559620674356324,38.553914630275706,37.661214633143544,46.221688386998586,46.316260656240644,44.17825298791492,8.891173093454444,8.935833807266954,8.712105137639586,22.35347263939916,53.587131916638214,43.903362862520915,"Muradpur, Patna - BSPCB Patna Bihar",35,2020
65,74.83967613051617,74.36449516534789,74.20398406899001,225.81545664523344,226.92922721811146,225.21385053918502,16.39416609204019,17.852987759768677,17.235300266743543,27.517241100081108,27.535882123224052,27.204039919393704,27.634528935532185,27.763467166525537,27.322418311174008,34.19964584771429,34.202545623724106,34.27851331549433,17.234980355404943,27.203535696008363,27.351090817640376,"NSIT Dwarka, Delhi - CPCB",17,2020
66,24.929573490284607,24.943314599927223,24.630167597765364,48.75476216003717,48.75812455261274,48.4786252172234,8.040907226901284,8.041823115514392,3.8950707595542746,12.903642309788731,12.898148801694015,11.660010332357505,13.184785407051459,13.184626739109827,9.251815114019855,31.37274889029804,31.373677701674282,31.004537729435775,3.896394797036659,11.658128807958425,9.243943623612736,"Plammoodu, Thiruvananthapuram - Kerala PCB",36,2020
67,105.25505314247097,105.24081870985586,104.02772098012268,183.80223670196102,183.6709948563543,182.63112669278888,23.68309353640655,23.666531389504648,23.62584258256643,51.50317135866714,51.55984198083872,51.50314224351579,46.70161039607032,46.72769355290597,46.889497139816434,26.771990188730637,26.791461709022652,26.74249709048588,23.62584258256643,51.50797489263314,46.8865589252461,"Punjabi Bagh, Delhi - DPCC",37,2020
68,62.246566711068624,62.245621068939,61.94140886105632,113.1505610198201,113.15149454664348,112.09184703534424,21.14354694529961,21.080104265402888,21.221497564006196,14.693917779027434,14.696052179578293,14.392388433734958,33.41212879931362,33.298330223604566,33.70854710298004,23.319486162497775,24.55478259200914,24.375336215176894,23.471229096377744,15.002513791884883,25.55407665092837,"Railway Colony, Guwahati - APCB Guwahati Assam",18,2020
69,91.66245690685054,91.60911418330774,91.14764479336395,,,,42.30345346636817,42.30684903225775,42.2687551172308,86.44171440897374,86.43514973677446,86.20373322147692,52.151166950596256,52.1556095067723,51.97120029387444,57.050590682195825,59.27916228584334,59.336573686100046,35.51458729553783,86.16841546343778,52.208162142332974,"Sector- 16A, Faridabad - HSPCB Faridabad Haryana",19,2020
70,100.55285533191108,100.49388866540829,100.04369867180371,191.6000781988205,191.8886369610936,191.1488782166153,29.12709793557782,29.169648954536786,28.89122094709385,60.20200539915169,60.23014474107443,60.12104395037985,51.15800354781505,51.18877340219514,51.18717603151592,41.97024926449177,41.96457764698257,41.95684148983712,28.926996685998514,59.838068046633566,50.86134364625778,"Sector-1, Noida - UPPCB",38,2020
71,31.030553953871898,30.991923042875683,30.906877207497217,70.69259986358651,70.74067717577672,70.39936490850341,11.256432679892052,11.321479143716369,10.877102824858815,12.75995535583159,12.770522840506576,12.441286365679723,23.729787471379062,23.886178903514075,23.39586468121081,21.562365222994256,21.552048058608968,21.654224803644137,12.733957875540607,21.744664620127214,22.917496129433044,"Sector-10, Gandhinagar - GPCB",39,2020
72,18.375266140767366,18.517418806062434,18.19188594670868,22.479964876033076,22.40403651641684,21.983671373555854,10.88700995068677,10.718112000000014,12.3494923076923,0.4386242685216019,0.4687610028531688,0.4049072191987533,14.501590208681941,13.037306698469493,16.508831658291438,3.8299248165165185,3.7352537207654395,3.5276690986472374,13.762919030898898,0.686863812209054,12.580006079027351,"Sikulpuikawn, Aizawl - Mizoram PCB",40,2020
73,90.74691378131006,89.9607440039158,89.41278083933871,181.96201878085773,181.19505725561234,178.15107372942018,18.549288244766434,18.21862400412855,17.701118342781147,39.59841016938492,39.43528169457371,39.17288915054646,39.80149914768289,39.461578637040375,39.3851282137003,62.10252264982112,62.0858922544892,62.38644029783785,18.952983475892797,44.406730395737526,38.7721691238201,"Sirifort, Delhi - CPCB",41,2020
74,42.080210985813025,42.07922022798933,41.75182818367482,104.53357520786092,104.53548211532065,102.95917554515583,4.674840843068242,4.6765267942732365,4.0249204807982695,25.228762819920473,25.225676341899238,24.950478169106923,17.23558648723542,17.235786035619526,16.7215697346131,57.43854643254614,57.42039375928685,57.64225944170782,4.0249204807982695,24.946345323266566,16.716531642207208,"T T Nagar, Bhopal - MPPCB Bhopal Madhya Pradesh",20,2020
75,49.8361124926885,49.83165295000089,49.82238732673556,108.62793612387706,109.16402194422868,108.2639569965119,25.045619461558104,25.019548324223713,25.048911961314182,24.49014546091834,24.668953535205564,25.183201996645007,36.720626105981054,37.16120088343868,37.79648128263045,36.504621100117525,36.4925048352232,36.40403950898304,28.802058435142058,39.88130310179101,37.393066643417065,"Talcher Coalfields,Talcher - OSPCB Talcher Odisha",21,2020
76,117.95196759259377,117.89684332374034,118.06047920312393,246.03887428852477,246.17767597215357,241.84173090132,17.731736478365416,17.558768715648533,17.100915877702047,36.14029087743514,38.99733381977359,38.469107754593345,31.678884314778184,33.47340594816178,33.03542153434008,31.88805218569973,31.880049491525398,32.14803130688026,16.88294846428589,38.46601268531826,33.0308521145061,"Talkatora District Industries Center, Lucknow - CPCB Lucknow Uttar Pradesh",22,2020
77,12.415000000000001,,,42.2844329955596,42.111315834916255,41.56352605104636,4.528530533074698,4.710190100682947,4.588653061224473,5.909937933258065,9.403890400310916,9.089203258768288,9.558830642342853,9.720813078081255,9.427710085625487,6.2482955225504675,6.748610616316347,6.817274809160287,5.152610119178158,14.431957357605855,9.019347534902842,"Tamaka Ind. Area, Kolar - KSPCB",23,2020
78,11.343268463400065,11.283058286086922,10.670132976388834,55.888901600359986,55.85321172575621,55.28732840185781,8.349420136071359,8.197305001295705,12.360479640269824,11.029290195595951,25.61892574190936,24.943085959885273,17.65507641381012,29.52549424184255,31.55400186393285,20.089039227704504,22.55687983364949,22.808755152835047,14.239984195121979,39.20824445711014,26.369137760310426,"Udyogamandal, Eloor - Kerala PCB",42,2020
79,49.62112792472001,49.556205611643456,49.41637217853125,95.79501232512766,97.95952475905665,97.90622001066328,26.82849492849494,26.941953420392096,26.505119907344323,38.1324983340209,38.134224868985264,37.95592846296622,59.687403321922325,59.66523573830852,59.2253090786595,42.13225675633858,42.149713887166925,42.136389943390164,31.70173243509873,68.45446435820541,57.290557362982845,"Victoria, Kolkata - WBPCB",47,2020
80,57.983966305656125,57.91295768343517,57.66732997203002,96.69453078116875,96.73608833897796,95.59067037861874,20.204661711322288,20.208198229353897,19.34888893008081,31.436605825642552,31.439324018127007,31.010817205871703,51.38564662145869,51.39494197058913,50.17079602722088,24.48979366473019,24.59431851489964,24.724050547724744,23.75127652460485,57.693226833892396,49.503646284829514,"Ward-32 Bapupara, Siliguri - WBPCB",24,2020
81,29.701671315745042,29.554472545076333,28.97255847413835,55.758037562604166,55.77476326393534,55.3517389724256,6.422274591564747,5.781287522604016,5.393277532459002,10.726550738446955,9.579278928423916,9.394598070739532,16.326706399414004,14.06561710016285,13.664758211125887,13.70728493709642,13.714340715502756,13.347149806159022,6.128835727925262,14.47139661230403,13.151475281702178,"Alandur Bus Depot, Chennai - CPCB",1,2021
82,91.20090688416377,91.18018733996723,90.24542868087485,161.67870467332156,161.64546759078365,159.54790009835523,12.485351067218964,11.937748785968072,11.390149903857486,28.05285370051639,27.397960649250827,27.348601683514694,17.872785630152958,16.429150866208893,16.094887745907716,32.74508613999696,32.127942116940844,32.309042003907436,11.674089164838641,27.68263020039098,21.17276781394297,"Arya Nagar, Bahadurgarh - HSPCB",25,2021
83,55.71151308723691,57.446437481773714,56.89828896678521,106.10941743047985,105.1456590023876,104.55006549118379,15.16210690860035,17.137867647058687,16.82523482344748,32.58609737367527,32.68268607915109,32.58620135724354,47.739440427729164,48.42664098661087,48.26154838282929,38.64976964810727,38.635580549324054,38.8416729250292,20.594141654004826,60.91412666688505,52.52290612071222,"Ballygunge, Kolkata - WBPCB",50,2021
84,35.65797858916437,34.20956973652406,40.639294006903036,94.88697297504005,94.27368965517346,107.05224637681141,45.4890242197254,61.18596545196393,61.81685009960154,10.334039446235515,26.750099104859284,29.535280492218533,54.04518443131615,58.81855172413795,59.395676650027724,42.4270461554825,53.68098798983074,53.67622821350755,73.55151633109617,36.92221214285706,61.2254129968663,"Bandra, Mumbai - MPCB",2,2021
85,53.78996263170838,53.45311508730914,53.50494920126776,112.87215896885098,112.50838769516163,112.26314693634725,21.677853895895993,21.859884569242222,20.775611244749236,31.994391072295848,32.105132041109194,32.1574863805137,51.634230023213284,51.807167737194746,50.898085222992314,26.541384610738753,26.543198936909278,26.68998138639293,25.34557369947345,59.4488295659418,51.093250101879605,"Belur Math, Howrah - WBPCB",nothing,2021
86,33.591945910767095,38.76353159234256,38.232322184463,74.15380189081525,74.57764896679826,73.80794161325557,10.135163479053151,7.829369666941924,7.6379730134932675,31.96066758768178,28.400689655172485,28.0762067222644,38.02686665883917,32.843203963666255,32.26129979968824,19.14611053529016,14.680872343144314,14.537742097112153,9.117826116941576,49.679935124278316,30.025171790234985,"BWSSB Kadabesanahalli, Bengaluru - CPCB",nothing,2021
87,36.9763925009691,36.974978436085976,36.738694889397394,127.98626944913332,128.57270879240275,128.00052262608853,68.53119682252881,68.52386377335782,68.39459239451058,28.116228279255875,28.135703484293572,28.015435450190445,96.17415687603496,96.19585411070263,95.88647831435212,26.90454078495209,29.985842402167766,30.235116212883153,83.67572263335656,52.64827996397281,95.49791990435752,"Chhatrapati Shivaji Intl. Airport (T2), Mumbai - MPCB",5,2021
88,48.36040579022307,48.26479676729261,48.014732606438216,117.50887049083383,117.44523731975247,116.873529316436,16.45413254562467,16.486901933174856,15.813185204049109,46.368594509161156,46.57256144506956,46.28684168806863,38.01887883211651,38.76194122079853,38.27455223880594,47.828955602786536,47.81159981095282,47.89313590161884,15.829151021447169,46.2868809840846,38.29027151523012,"Chhoti Gwaltoli, Indore - MPPCB",26,2021
89,45.198983199324545,45.200966803291834,45.082007975604434,96.4784465052597,96.47579294674307,95.8449029451144,5.676717701023769,5.677018290089367,5.101793089883996,24.519665926309116,24.524952450621832,24.216831365880882,30.113507913495024,30.119587151800893,29.52291388572356,40.63662748023288,40.65915125949878,40.62999490332254,6.205247259443698,44.38979725364569,28.29426470082832,"Civil Lines,  Ajmer - RSPCB",nothing,2021
90,31.857591265779494,31.843886475669777,31.589992685093215,75.22115084178358,75.21214250996408,74.4722780222625,14.032426103098679,14.090282480363001,13.760895382207138,22.70611547166175,22.693756323168063,22.3993778413444,36.53203053652975,36.52176523766482,36.0367445616515,27.886062387213197,27.863882067684713,27.9610381712549,16.55256004798434,41.63778244968838,35.27858369785542,"Deshpande Nagar, Hubballi - KSPCB",6,2021
91,95.9113000146563,95.71933118216485,95.44496825091399,186.01030145621152,185.83761607195,184.49618856249802,22.33445091589462,22.33445091589462,21.861691445599703,63.68678937346989,61.14232248930472,61.01678650804039,52.12612998612024,50.3506459868643,50.202271011781704,52.872422753029305,52.875473529320146,53.3344044928889,21.87652354122141,61.019553638532294,50.21366141732283,"Dr. Karni Singh Shooting Range, Delhi - DPCC",7,2021
92,108.89991160872127,108.75968283912044,108.11362975879105,248.04434741282006,247.88228126485973,244.86177853225385,42.52966918308462,42.48463946956431,41.4925011582498,30.979408305437683,30.978420846277047,30.795381468341713,64.57380643604729,64.53779111862013,63.628502742820594,21.66512621594587,21.66557973210491,21.897147700231386,47.43230240868179,46.86230616022974,63.307268389394885,"Dwarka-Sector 8, Delhi - DPCC ",nothing,2021
93,60.09113105842592,59.20121439280365,59.09600875647899,101.89435516257346,101.4591830053592,101.42694675925853,14.838397704090342,17.988261830233775,17.472543324143395,28.171342179387096,29.03904010238899,29.038904726181567,42.15913205249651,44.40880201997882,44.18962017896925,40.41023327990189,40.404242062137335,40.33502601956107,21.23137142224624,53.01463195833787,46.182489778851235,"Fort William, Kolkata - WBPCB",nothing,2021
94,70.17517666184925,70.24754463477308,69.49153012283053,126.94033946149484,127.99982733046863,127.05097572994997,26.845982329120442,26.962253468472497,26.643640542907455,23.298190660676703,27.164532659689492,26.82955233331207,31.979860000828243,32.411763324386435,32.13403950093442,51.448247980357,55.96960260943193,55.821467681030924,28.806964008542245,31.37524792918103,26.34504036658127,"GIDC, Ankleshwar - GPCB",28,2021
95,36.11496075033129,36.05600827670766,35.643087980977064,72.45375050611365,72.42923317366223,71.64185942906579,11.674357334434763,18.327289644733884,18.391650146323634,17.74014419824465,16.73919480519503,16.33864700516896,22.25630989912213,29.47220333248847,28.978345151569908,31.61372133744683,31.600393664591074,31.90579203500321,21.868396912650635,28.265616897984387,29.65489718914145,"GM Office, Brajrajnagar - OSPCB",29,2021
96,50.92180829729855,50.9503256981483,50.87915094022219,106.72374207848173,106.73521910235205,106.67381165316209,12.866127869058086,13.221774164473434,13.077256198986506,18.11865770755964,18.87065499615516,18.5288134123429,30.022089187538146,30.278939158094225,30.210399795538432,25.339027777777712,25.363206994415382,25.26699559039677,15.825808660200087,33.82843503804283,29.808660327532078,"Golden Temple, Amritsar - PPCB",nothing,2021
97,43.796783426468586,43.768721640339805,43.17161911819192,106.77179937812626,106.65858132898492,105.20310348677111,15.180074817207887,15.180563868861308,14.601824563969402,37.65638980346919,37.65737699343757,37.11680278776013,32.35457403651146,32.35486543143119,31.71554925687735,19.935899049216907,19.908171220140034,19.765622202327503,14.617623624867486,37.115278031787646,31.717679096619865,"GVM Corporation, Visakhapatnam - APPCB",10,2021
98,57.287081152620246,56.571545310403856,56.409137336542756,111.58802929387286,110.47382490463905,109.98660337552657,24.939573352616993,27.350480147109042,27.563576674827637,28.950870665731344,29.1924705882351,29.08601073090983,53.12559771153259,56.04545024816801,56.018758835683094,27.918417707851464,28.031129172354056,28.210246596369625,33.42517596916503,54.24271621429587,57.32538443370967,"Jadavpur, Kolkata - WBPCB",45,2021
99,49.000770046669416,48.97483722200297,48.529798183652886,104.69810780409215,104.65056182852975,102.52303614778322,7.943157518752225,7.795455180583828,7.5167876716745345,24.008255560531527,25.499329886523945,25.365123465550315,31.940115393766266,34.465611118920435,34.05703015206155,17.739313633473703,17.78265618812646,17.878661983230383,9.110758117950404,46.81825966231559,33.129346359205265,"Kalal Majra, Khanna - PPCB",30,2021
100,93.90296646443592,93.44072993792535,92.94512667781812,198.1405253283302,197.8722851658072,196.12937048503613,8.544524894586658,8.563202718396484,8.156634619850433,34.5515636482403,34.56949631449626,34.20620553359674,24.866417609046675,24.891001904144396,24.54150861318941,41.81938083614234,41.65905839359304,42.07524257814113,8.168741008863503,34.27975143319758,24.606084621713997,"Knowledge Park - III, Greater Noida - UPPCB",12,2021
101,102.73921086949929,102.5635944280902,102.08159399095985,167.58147190942097,167.35294661001294,165.84487226952982,32.54191147786979,32.47887657990364,32.35116958136309,64.20483972722091,64.25922496931469,64.1342406076632,60.728289789069876,60.88181570090045,60.642660608756245,20.07032018152025,20.071379027681466,20.072078942967043,32.35305241781973,64.12726697438991,60.64635199949161,"Mandir Marg, Delhi - DPCC",13,2021
102,52.91313538385608,52.90084857284158,52.700076479314895,143.7590447587682,143.752057816538,136.7118247353802,14.892673995921598,14.982056345602256,14.397687277435976,50.17826327794032,50.18422619577104,49.61288389631775,35.472234165067405,35.5722313779155,35.30661550683202,34.61486391597924,34.643059017870804,34.768426060047574,14.154890188809027,49.65058807947005,35.32180142970623,"Maninagar, Ahmedabad - GPCB",nothing,2021
103,47.1581709396213,47.15043805722768,46.82261896491839,101.18615357632616,101.19456051321363,100.51732128748597,2.767429059718778,3.023079335934467,2.686190983170205,16.319220799747097,18.65578759800432,18.27752618273746,10.662016777571028,11.866324626180226,11.407535468657878,39.34889119550635,40.80646965437426,40.91042872718347,2.7084691493217044,18.29456914569643,11.467486153638035,"MIDC Khutala, Chandrapur - MPCB",33,2021
104,34.35134804150676,34.30673380281671,34.023941841679935,83.56528219970895,83.63771416187207,82.83976426957658,6.562893298917234,7.137442790128492,6.996287794432565,24.344127303857352,10.73749975439632,10.716965225466948,13.196532518864492,10.767112420150797,10.6524712366241,37.370798567354264,37.316278690705936,37.56059446691252,6.095759179298641,10.780780325840402,10.585935864937353,"More Chowk Waluj, Aurangabad - MPCB",34,2021
105,52.147244617127825,52.113497811638645,52.02277178049955,167.50625630238977,167.8907005155434,165.97618472683257,13.750582787998537,14.546834412333975,13.305310889473915,36.94797767664944,40.14202245291272,39.55456229870054,27.612248566191628,29.682690399484535,28.63653577173216,30.97594027541388,28.845815501664358,29.045254567495046,13.431973749907447,39.7838856915564,30.056536919701262,"Muradpur, Patna - BSPCB",nothing,2021
106,99.29375448866912,99.23118310455374,98.7459618551946,219.27196587918223,219.20713490832492,216.9435575649148,20.42354587869369,20.423385089521638,19.751777122604594,31.4026976319508,31.402282387619536,31.04558312421566,31.14384547642824,31.143051011717855,30.609704129084662,26.61837470588229,26.706576917393182,26.57123649346992,19.760147381624407,31.04683300922136,32.79795885073795,"NSIT Dwarka, Delhi - CPCB",17,2021
107,24.11989607972391,24.121333229861865,23.401709047164722,38.44504811618906,38.448760860276316,38.099100830003074,5.851803806457686,5.852185990719368,3.935880510558064,18.345344331958586,18.345789194087764,16.629076706450398,14.180067692307672,14.180612401907966,11.86558827413179,20.745566555972786,20.759032248033044,20.47694342694339,3.947294204751988,16.661105551107635,11.801211525867714,"Plammoodu, Thiruvananthapuram - Kerala PCB",36,2021
108,113.56720239380572,113.05945211402452,112.76859365569042,200.83812664102095,200.70638219831275,199.22202989248026,28.231603817289006,28.228243001050632,28.066470409095512,49.483031092004175,49.491129618412764,49.461567152181374,49.188905043162,49.22955627672785,49.04166666666642,45.89418611928172,45.84346192384779,46.025339215293144,28.082017454840667,49.394831958398655,49.02638336405652,"Punjabi Bagh, Delhi - DPCC",37,2021
109,64.38320172312264,64.34335773896312,63.971689415749424,130.43512403029456,130.3429597251617,129.69147592475014,15.282281133948958,25.73874322326316,25.803238580495567,9.694608717034379,14.39425622578863,14.111762050911743,13.537597182596475,18.537580502061797,18.78510213529337,20.863610152344258,20.921811309443928,20.850904867702862,25.764958537673103,13.986514559141067,18.145740761292064,"Railway Colony, Guwahati - PCBA",nothing,2021
110,101.95104895104895,101.93832055358145,101.43693858472544,,,,44.13033350781429,44.133140004487366,43.95378415841584,71.76885431822369,71.74575061617695,71.37704848077725,49.626544537565785,49.657522649636064,49.39827301986027,65.94607747228972,68.99810344827645,69.06161354405837,37.257886268963894,71.35343825283327,49.64752087171246,"Sector- 16A, Faridabad - HSPCB",nothing,2021
111,97.77895956504946,97.4395764551917,97.40551885718004,207.65890549633775,207.32496571462644,207.26773709287906,25.273600260416597,25.265095230343412,25.33466366609225,59.48488097457877,59.43580604024745,59.30848555297221,51.93790647259213,51.92236882859445,52.015922073633725,25.02627736326068,25.02614988116909,24.560175033787104,25.330772746449075,59.29700079449136,51.97783552631571,"Sector-1, Noida - UPPCB",38,2021
112,35.60188997691248,35.57841258434127,35.45713054135129,80.19404304688668,80.2571185824988,80.02706453553262,10.45423344397025,10.811351125938273,10.1281156613171,16.368489734323557,16.859133369900018,16.505607768256283,25.653478965680666,26.472981740154626,25.96265402180984,17.394700078926885,17.415594865496896,17.474599347673,11.867051842279245,27.80032915987906,25.590848510555812,"Sector-10, Gandhinagar - GPCB",39,2021
113,19.783751753453803,19.802165773125722,19.452141295435926,40.92764572612215,40.83589731940014,40.51389688123493,4.279922609349442,1.8439205079962426,1.8381626257628298,0.9654460825153867,1.0407461450487658,0.9687686913914679,5.622738371921774,3.8849199006833905,3.8405911170344518,4.296057260542219,4.339166149389608,4.114995925624141,1.8641995489231271,1.3946010173624854,1.9177088402270868,"Sikulpuikawn, Aizawl - Mizoram PCB",40,2021
114,97.23264012419548,96.75908339545587,96.19806064880113,208.61632538712308,208.28133140622344,206.1454076298521,21.145572983040775,21.296132593949498,20.15873708870184,31.99105508729668,31.881673867175635,31.901642602163257,35.22883847464041,35.22864222707006,35.08811708058801,51.55844121532305,52.10393037042057,52.32275370964085,21.67316235362677,34.48260666631268,34.85696346300066,"Sirifort, Delhi - CPCB",41,2021
115,46.11739004629629,46.08330197690237,45.80518209934987,116.94118497945958,116.90812812870743,115.68325978602495,4.566121675256249,4.584927657539206,4.2436086859190185,27.659054251108536,27.854402134368225,27.716403040595246,18.425342688811963,18.538486012726704,18.267799544711284,65.06554126156021,65.16695688348719,65.35696525242349,4.2482291267101955,27.714127692606315,18.263568773234212,"T T Nagar, Bhopal - MPPCB",20,2021
116,41.62473176883929,41.614461621670394,41.13808833349224,84.95895159953598,84.87420209897549,83.1385364454642,27.67798590632271,31.951986022131308,31.925939535104575,29.66204359467486,34.27681228236763,33.755375838926184,42.109154475949545,47.86513684889282,46.472111518472175,23.85230812790212,23.88314623338255,23.925482506102462,37.74310420970984,58.93800274937128,46.37938228208898,"Talcher Coalfields,Talcher - OSPCB",21,2021
117,104.07523429928924,103.91686185528162,103.66249276142912,209.7534146187371,209.70924561125977,206.50152174658075,17.064400048140534,17.064400048140534,16.44936580350829,40.66007511312207,40.659595462909785,40.16134418574871,35.82850284099442,35.82850284099442,35.21842201247783,36.15691009539919,36.15769163421196,36.354311027454976,16.612693281265297,41.76735030698364,35.18407538318155,"Talkatora District Industries Center, Lucknow - CPCB",22,2021
118,24.905946764091848,24.383422065426547,24.1105727571736,40.670105623585386,40.76920923149012,40.32821101492911,3.8051014170602873,3.805162771285469,3.490926420412399,14.4076887924141,14.405060351238557,13.82896274653038,17.379486150140593,17.381366662840176,16.525303281202053,25.572821337954256,25.565261004339927,25.61356643813275,4.085392124175756,22.081251282051234,16.012139439507823,"Tamaka Ind. Area, Kolar - KSPCB",23,2021
119,25.00881066277168,28.331518080916563,28.402631778536232,48.13366542452208,46.68733147373377,46.2882765999809,7.5344380820973775,7.815464743589746,7.748167229729734,13.910912049861558,13.717792980368811,13.760283553875222,21.178961061577276,21.30348195329082,21.33023168908814,37.54635389476591,28.272349691257755,30.705313557116853,9.171807010135126,24.992743289224997,17.42698591549302,"Udyogamandal, Eloor - Kerala PCB",42,2021
120,47.591297228456234,46.941785331496625,46.81985166792002,103.78841393467394,103.2845364288991,103.21735396872079,20.991476927989886,26.641101822079367,26.066270430906464,23.920837342679462,24.916675432904,24.697013123549844,41.46727040408862,43.1004159199268,42.39220447514207,44.77650488888911,44.7912461465499,44.824644496875834,30.85101771963975,43.43340480313003,41.49401807110584,"Victoria, Kolkata - WBPCB",47,2021
121,58.965183689700034,58.98373297672839,58.905542133176155,103.62075045606196,103.54723346658808,102.61668955304353,22.544203122163875,22.528655993705325,21.620457235246693,29.919300949664898,29.907630915880087,29.52527251680132,52.48041633911846,52.45243731284608,51.438306891900716,28.973004076046664,28.99879492222435,29.191560167835895,26.568630139643197,55.45399845664108,50.54466433969318,"Ward-32 Bapupara, Siliguri - WBPCB",24,2021
